mark,model,vollume,power
BMW,F 650,650.5,46.5
BMW,F 650 CS,651.3333333333334,17.333333333333332
BMW,F 650 GS,745.4909090909091,61.78181818181818
BMW,F 650 ST,650.0,1.0
BMW,F 700 GS,792.9777777777778,63.51111111111111
BMW,F 750 GS,844.2,72.46666666666667
BMW,F 800 GS,799.8076923076923,57.51923076923077
BMW,F 800 GT,799.75,72.91666666666667
BMW,F 800 R,799.6307692307693,79.56923076923077
BMW,F 800 S,799.8181818181819,66.13636363636364
BMW,F 800 ST,799.375,69.4375
BMW,F 850 GS,850.8285714285714,81.65714285714286
BMW,F 850 GS Adventure,851.3333333333334,95.0
BMW,F 900 R,874.2368421052631,99.07894736842105
BMW,F 900 XR,898.2142857142857,90.14285714285714
BMW,G 310 GS,311.03846153846155,28.076923076923077
BMW,G 310 R,311.6231884057971,31.130434782608695
BMW,G 450 X,450.0,1.0
BMW,G 650 GS,650.4444444444445,27.22222222222222
BMW,G 650 X,652.0,53.0
BMW,HP2,1170.0,133.0
BMW,HP4,1000.0,224.0
BMW,K 1,987.0,100.0
BMW,K 100,991.3333333333334,61.0
BMW,K 100 LT,998.0,93.33333333333333
BMW,K 100 RS,995.0,96.375
BMW,K 100 RT,1000.0,90.0
BMW,K 1100 LT,1096.0,91.66666666666667
BMW,K 1100 RS,1049.75,75.25
BMW,K 1200 GT,1196.5714285714287,120.33333333333333
BMW,K 1200 LT,1200.0,102.66666666666667
BMW,K 1200 R,1196.0,133.4090909090909
BMW,K 1200 RS,1185.5,130.0
BMW,K 1200 S,1200.5357142857142,140.67857142857142
BMW,K 1300 GT,1298.5,137.75
BMW,K 1300 R,1634.6153846153845,160.1153846153846
BMW,K 1300 S,1297.735294117647,159.97058823529412
BMW,K 1600 B,1620.235294117647,117.0
BMW,K 1600 GA,1600.0,162.33333333333334
BMW,K 1600 GT,1610.7826086956522,126.84782608695652
BMW,K 1600 GTL,1618.0487804878048,131.02439024390245
BMW,K 75 S,750.0,75.0
BMW,M 1000 R,999.0,167.2
BMW,M 1000 RR,998.6923076923077,211.84615384615384
BMW,R 100,999.3333333333334,65.66666666666667
BMW,R 100 RT,1000.0,1.0
BMW,R 1100 GS,1090.8,80.6
BMW,R 1100 R,1096.7777777777778,48.44444444444444
BMW,R 1100 RS,1091.6666666666667,90.88888888888889
BMW,R 1100 RT,1102.3333333333333,81.73333333333333
BMW,R 1100 S,1097.0,77.4
BMW,R 1150 GS,1145.0,59.0
BMW,R 1150 R,1165.8823529411766,75.29411764705883
BMW,R 1150 RS,1145.5555555555557,63.77777777777778
BMW,R 1150 RT,1141.0714285714287,88.32142857142857
BMW,R 12,350.0,28.0
BMW,R 1200 C,1192.1666666666667,56.75
BMW,R 1200 CL,1196.25,53.625
BMW,R 1200 GS,1195.0076335877864,100.47328244274809
BMW,R 1200 GS Adventure,1198.1176470588234,84.31372549019608
BMW,R 1200 R,1194.7368421052631,94.66666666666667
BMW,R 1200 RS,1199.6875,113.21875
BMW,R 1200 RT,1197.463768115942,102.6376811594203
BMW,R 1200 S,1194.0,98.4
BMW,R 1200 ST,1198.125,103.1875
BMW,R 1250 GS,1250.0350877192982,125.50877192982456
BMW,R 1250 GS Adventure,1252.0555555555557,122.9074074074074
BMW,R 1250 R,1250.1904761904761,129.04761904761904
BMW,R 1250 RS,1252.0,109.61538461538461
BMW,R 1250 RT,1251.4615384615386,105.1923076923077
BMW,R 1300 GS,1296.2962962962963,117.03703703703704
BMW,R 18,1800.7,91.05
BMW,R 18 B,1800.5,69.875
BMW,R 18 Classic,1800.75,79.75
BMW,R 18 Transcontinental,1800.4285714285713,78.57142857142857
BMW,R 60,599.0,40.0
BMW,R 71,746.0,32.0
BMW,R 75,750.0,1.0
BMW,R 80,800.0,50.0
BMW,R 80 G/S,800.0,50.0
BMW,R 850 R,849.0,70.0
BMW,R 850 RT,850.0,35.5
BMW,R 90 S,900.0,1.0
BMW,R Nine T,1183.4545454545455,85.13636363636364
BMW,R Nine T Pure,1190.0,91.83333333333333
BMW,R Nine T Racer,1170.0,110.0
BMW,R Nine T Scrambler,1188.4615384615386,110.0
BMW,R Nine T Urban G/S,1180.0,55.5
BMW,S 1000 R,999.46,144.88
BMW,S 1000 RR,999.4117647058823,154.01960784313727
BMW,S 1000 XR,999.5384615384615,152.23076923076923
Ducati,1098,1123.25,123.75
Ducati,1198,1198.0,93.0
Ducati,1199 Panigale,1211.25,152.375
Ducati,1299 Panigale,1285.3333333333333,202.33333333333334
Ducati,749,748.0,103.0
Ducati,848,848.3333333333334,70.5
Ducati,899 Panigale,898.0,144.0
Ducati,959 Panigale,958.2,123.0
Ducati,996,998.0,56.5
Ducati,DesertX,937.0,88.2
Ducati,Diavel,1222.7692307692307,134.3846153846154
Ducati,Diavel Carbon,1200.0,115.85714285714286
Ducati,Diavel V4,1166.0666666666666,145.46666666666667
Ducati,HyperMotard,919.5294117647059,66.23529411764706
Ducati,HyperStrada,844.6,44.6
Ducati,Monster (2021-н.в.),933.8571428571429,87.42857142857143
Ducati,Monster 1000,996.0,42.5
Ducati,Monster 1100,1095.357142857143,75.57142857142857
Ducati,Monster 1200,1199.7894736842106,110.36842105263158
Ducati,Monster 400,399.09090909090907,36.27272727272727
Ducati,Monster 600,600.0,51.0
Ducati,Monster 696,696.2857142857143,73.0
Ducati,Monster 750,749.3333333333334,63.333333333333336
Ducati,Monster 796,800.75,59.625
Ducati,Monster 797,799.6,54.2
Ducati,Monster 800,800.0,1.0
Ducati,Monster 821,820.4,92.68571428571428
Ducati,Monster 900,901.6,47.6
Ducati,Monster S2R,966.3333333333334,32.333333333333336
Ducati,Monster S4,955.1428571428571,89.23809523809524
Ducati,Multistrada 1000,997.0909090909091,80.9090909090909
Ducati,Multistrada 1100,1100.0,48.0
Ducati,Multistrada 1200,1199.6603773584907,122.66037735849056
Ducati,Multistrada 1260,1260.8,158.8
Ducati,Multistrada 620,625.0,1.0
Ducati,Multistrada 950,944.0,113.5
Ducati,Multistrada V4,1160.0526315789473,153.78947368421052
Ducati,Panigale S,111.0,1.0
Ducati,Panigale V2,964.8888888888889,121.88888888888889
Ducati,Panigale V4,1101.0833333333333,201.0
Ducati,ST,957.5,64.5
Ducati,Scrambler,791.328125,47.59375
Ducati,Scrambler 1100,1089.5,72.16666666666667
Ducati,SportClassic,1000.0,92.0
Ducati,Streetfighter,890.5,135.83333333333334
Ducati,Streetfighter V2,955.0,153.0
Ducati,Streetfighter V4,1107.0,187.42105263157896
Ducati,SuperSport,886.7,75.45
Ducati,XDiavel,1260.1052631578948,149.10526315789474
Harley-Davidson,1,1623.9571428571428,58.8
Harley-Davidson,Blackline,1497.5,42.0
Harley-Davidson,Breakout,1702.4285714285713,61.79220779220779
Harley-Davidson,CVO,1719.5744680851064,55.02127659574468
Harley-Davidson,CVO Limited,1842.4705882352941,53.35294117647059
Harley-Davidson,CVO Pan America,1250.0,150.66666666666666
Harley-Davidson,CVO Pro Street Breakout,1734.0,1.0
Harley-Davidson,CVO Road Glide,1815.2028985507247,73.76811594202898
Harley-Davidson,CVO Road Glide Limited,1641.7241379310344,49.48275862068966
Harley-Davidson,CVO Road Glide ST,1860.8333333333333,63.0
Harley-Davidson,CVO Street Glide,1774.5873015873017,53.74603174603175
Harley-Davidson,CVO Tri Glide,1800.0,100.0
Harley-Davidson,Cross Bones,1696.0,51.8
Harley-Davidson,Dyna Convertible,1803.0,88.0
Harley-Davidson,Dyna Glide Custom,2000.0,130.0
Harley-Davidson,Dyna Low Rider,1551.607142857143,53.535714285714285
Harley-Davidson,Dyna Super Glide,1519.5333333333333,45.3
Harley-Davidson,Dyna Switchback,1629.2727272727273,51.45454545454545
Harley-Davidson,Dyna Wide Glide,1531.642857142857,35.714285714285715
Harley-Davidson,Electra Glide,1543.338028169014,49.286384976525824
Harley-Davidson,Electra Glide Revival,1250.0,152.0
Harley-Davidson,FXDR 114,1729.0588235294117,67.94117647058823
Harley-Davidson,Fat Bob,1661.8064516129032,58.40860215053763
Harley-Davidson,Fat Boy,1669.1121495327102,58.4392523364486
Harley-Davidson,Forty-Eight,1451.8333333333333,68.61111111111111
Harley-Davidson,Freewheeler,1577.8,50.6
Harley-Davidson,Heritage,1589.1475409836066,49.22950819672131
Harley-Davidson,LiveWire,1204.7777777777778,73.88888888888889
Harley-Davidson,Low Rider,1637.90625,59.84375
Harley-Davidson,Low Rider ST,1707.4,61.96666666666667
Harley-Davidson,Night Rod,1406.4444444444443,71.11111111111111
Harley-Davidson,Nightster,1373.5333333333333,72.33333333333333
Harley-Davidson,Pan America,1480.148148148148,80.51851851851852
Harley-Davidson,Pan America Special,1420.72,84.28
Harley-Davidson,Road Glide,1695.409090909091,46.27272727272727
Harley-Davidson,Road Glide Limited,1770.7333333333333,46.56666666666667
Harley-Davidson,Road Glide ST,1902.6666666666667,30.0
Harley-Davidson,Road Glide Special,1729.5833333333333,65.27777777777777
Harley-Davidson,Road King,1582.3805309734514,50.92035398230089
Harley-Davidson,Rocker C,1515.111111111111,46.888888888888886
Harley-Davidson,Softail Custom,1684.4545454545455,78.63636363636364
Harley-Davidson,Softail Deluxe,1560.84,49.32
Harley-Davidson,Softail Deuce,1433.5,55.75
Harley-Davidson,Softail Slim,1798.375,68.5
Harley-Davidson,Softail Standard,1654.655172413793,56.10344827586207
Harley-Davidson,Sport Glide,1619.6190476190477,58.11904761904762
Harley-Davidson,Sportster 1000,1000.0,55.0
Harley-Davidson,Sportster 1200,1435.2434782608696,51.31304347826087
Harley-Davidson,Sportster 883,1254.5384615384614,54.93269230769231
Harley-Davidson,Sportster S,1430.4084507042253,68.6056338028169
Harley-Davidson,Springer Softail,1511.6,32.2
Harley-Davidson,Street 500,500.0,25.5
Harley-Davidson,Street 750,1315.128205128205,53.1025641025641
Harley-Davidson,Street Bob,1582.8333333333333,58.916666666666664
Harley-Davidson,Street Glide,1650.1860465116279,60.26744186046512
Harley-Davidson,Street Glide ST,1652.25,64.58333333333333
Harley-Davidson,Street Glide Special,1678.1875,68.89583333333333
Harley-Davidson,Street Rod,1340.3428571428572,60.371428571428574
Harley-Davidson,Sturgis,1900.0,1.0
Harley-Davidson,Super Glide,1443.5,87.5
Harley-Davidson,Tour Glide,1340.0,1.0
Harley-Davidson,Tri Glide,1660.2916666666667,54.375
Harley-Davidson,Ultra Limited,1581.6842105263158,43.719298245614034
Harley-Davidson,V-Rod,1364.9574468085107,79.04255319148936
Harley-Davidson,V-Rod Muscle,1411.409090909091,83.81818181818181
Harley-Davidson,WL,598.4,15.2
Harley-Davidson,XR1200,1309.8,87.4
Honda,400X,399.6666666666667,30.761904761904763
Honda,AX-1,249.5,15.0
Honda,Africa Twin CRF 1000L/1100L,1049.2931034482758,87.98275862068965
Honda,Ape 50,49.0,4.0
Honda,Bros,441.3333333333333,40.0
Honda,CB 1000,999.75,96.75
Honda,CB 1000R,998.7954545454545,125.06818181818181
Honda,CB 1100,1111.7,74.2
Honda,CB 125,124.66666666666667,9.0
Honda,CB 1300,1287.0,95.03571428571429
Honda,CB 190X (Wuyang),189.0,16.0
Honda,CB 200X,184.0,17.0
Honda,CB 223S,223.0,16.0
Honda,CB 250F (Hornet),249.8,34.6
Honda,CB 300F,406.0,21.444444444444443
Honda,CB 300R,294.57142857142856,26.785714285714285
Honda,CB 350,348.5,21.166666666666668
Honda,CB 350RS,348.0,21.0
Honda,CB 400 Super Four,399.5925925925926,45.22222222222222
Honda,CB 400F,399.5,46.666666666666664
Honda,CB 400SS,377.44444444444446,24.22222222222222
Honda,CB 500,500.0,58.0
Honda,CB 500F,492.75,35.75
Honda,CB 500X,476.5,46.875
Honda,CB 550,550.0,1.0
Honda,CB 600F (Hornet),599.7333333333333,84.84444444444445
Honda,CB 600S,600.0,48.0
Honda,CB 650F,646.8333333333334,68.83333333333333
Honda,CB 650R,649.8863636363636,89.73863636363636
Honda,CB 650SC Nighthawk,650.0,75.0
Honda,CB 750,747.9,67.05
Honda,CB 900 Custom,900.3333333333334,87.33333333333333
Honda,CB 900F (Hornet),913.4,87.8
Honda,CB-1,399.5,1.0
Honda,CBF 1000,998.5263157894736,101.52631578947368
Honda,CBF 125T,124.66666666666667,9.0
Honda,CBF 150R,149.0,12.0
Honda,CBF 190R,185.5,17.0
Honda,CBF 500,500.0,57.0
Honda,CBF 600,600.0,56.06666666666667
Honda,CBR 1000 RR/RA Fireblade,999.7432432432432,162.09459459459458
Honda,CBR 1000F,1000.0,135.0
Honda,CBR 1100 XX Blackbird,1110.3846153846155,146.6153846153846
Honda,CBR 125R,125.0,15.0
Honda,CBR 150R,150.0,20.0
Honda,CBR 250R,252.1304347826087,24.73913043478261
Honda,CBR 300R,295.3333333333333,20.833333333333332
Honda,CBR 400R,399.8059701492537,40.71641791044776
Honda,CBR 400RR,399.5,55.0
Honda,CBR 500 R,495.85714285714283,45.0
Honda,CBR 600F,592.0289855072464,101.82608695652173
Honda,CBR 600RR,599.8644067796611,104.55932203389831
Honda,CBR 650F,649.8275862068965,72.58620689655173
Honda,CBR 650R,649.9,87.65
Honda,CBR 900RR Fireblade,892.0,85.0
Honda,CBR 919RR Fireblade,925.625,96.75
Honda,CBR 929RR Fireblade,929.0,85.71428571428571
Honda,CBR 954RR Fireblade,960.5714285714286,103.28571428571429
Honda,CBX 125,125.0,17.0
Honda,CBX 250,250.0,40.0
Honda,CD 125,125.0,11.0
Honda,CL 300,297.2,26.8
Honda,CL 400,398.0,29.0
Honda,CL 500,500.0,1.0
Honda,CMX 1100 Rebel,1096.736111111111,72.34722222222223
Honda,CR 125R,125.0,40.0
Honda,CR 250R,250.0,30.0
Honda,CR 85R,85.0,35.0
Honda,CRF 125,125.0,1.0
Honda,CRF 190L,186.28571428571428,15.857142857142858
Honda,CRF 230,230.0,20.0
Honda,CRF 250 Rally,249.95,14.25
Honda,CRF 250F,250.0,46.0
Honda,CRF 250L,249.85714285714286,22.19047619047619
Honda,CRF 250M,249.78571428571428,22.857142857142858
Honda,CRF 250R,249.85714285714286,30.761904761904763
Honda,CRF 250X,250.0,30.0
Honda,CRF 300 Rally,289.5,27.0
Honda,CRF 300L,290.6666666666667,27.5
Honda,CRF 450R,449.8695652173913,42.130434782608695
Honda,CRF 450RX,424.875,59.125
Honda,CRF 450X,450.0,31.666666666666668
Honda,CTX 1300,1300.0,50.8
Honda,CTX 700,694.5294117647059,41.588235294117645
Honda,CX,496.5,50.0
Honda,DN-01,705.0,61.5
Honda,FMX 650,650.0,38.0
Honda,FTR 223,225.88888888888889,12.444444444444445
Honda,GB 250 Clubman,250.0,15.5
Honda,GB 350S,350.0,1.0
Honda,GB 400,399.5,46.0
Honda,GL 1100,1100.0,85.0
Honda,GL 1200,1190.5,95.0
Honda,GL 1500,1507.0,73.2
Honda,GL 1800,1808.8019801980197,91.43564356435644
Honda,GL 500,500.0,59.0
Honda,Hawk 11,1100.0,48.0
Honda,Jazz,49.5,25.75
Honda,MSX125 Grom,125.0,3.0
Honda,Magna,494.1111111111111,47.55555555555556
Honda,NC 700S,694.4242424242424,47.06060606060606
Honda,NC 700X,697.8842105263158,47.76842105263158
Honda,NC 750S,745.5208333333334,42.270833333333336
Honda,NC 750X,749.2111801242236,47.58385093167702
Honda,NM4,750.0,22.4
Honda,NSR,149.5,26.0
Honda,NT1100,1086.9268292682927,86.02439024390245
Honda,NT650V Deauville,649.5,55.666666666666664
Honda,NT700V Deauville,692.7272727272727,46.54545454545455
Honda,NTV 650,650.0,56.666666666666664
Honda,NV,575.0,59.5
Honda,NX,536.0,37.0
Honda,Navi,109.66666666666667,5.666666666666667
Honda,PC 800,800.0,44.333333333333336
Honda,RVF 400,400.0,50.0
Honda,Rebel 250,250.0,11.666666666666666
Honda,Rebel 300,300.0,47.0
Honda,Rebel 500,495.1666666666667,12.083333333333334
Honda,SL,231.0,10.5
Honda,ST 1100,1093.0,83.66666666666667
Honda,ST 1300,1291.9310344827586,106.20689655172414
Honda,Shadow 150,149.0,11.0
Honda,Shadow 400,399.1,28.25
Honda,Shadow 750,749.1666666666666,36.233333333333334
Honda,Solo,49.0,6.0
Honda,Steed 400,399.6666666666667,28.757575757575758
Honda,Steed 600,610.0,36.6
Honda,TLM,166.33333333333334,12.333333333333334
Honda,Transalp 400,399.5,19.0
Honda,Transalp 600,595.0,37.75
Honda,Transalp 650,649.625,40.875
Honda,Unicorn,163.0,13.0
Honda,VF 750,750.0,57.166666666666664
Honda,VFR 1200,1208.1052631578948,128.98245614035088
Honda,VFR 1200 X Crosstourer,1210.8333333333333,122.05555555555556
Honda,VFR 400,400.0,57.5
Honda,VFR 750,666.5555555555555,76.88888888888889
Honda,VFR 800,790.8717948717949,80.62393162393163
Honda,VFR 800X Crossrunner,796.7647058823529,98.23529411764706
Honda,VRX 400,399.6842105263158,27.94736842105263
Honda,VT 1100,1099.8529411764705,54.76470588235294
Honda,VT 1300CR Stateline,1304.3636363636363,52.09090909090909
Honda,VT 1300CS Sabre,1304.0,49.111111111111114
Honda,VT 1300CT Interstate,1295.0,34.5
Honda,VT 1300CX Fury,1301.142857142857,41.142857142857146
Honda,VT 400,399.65,25.85
Honda,VT 600,600.0,25.0
Honda,VT 750,749.2989690721649,37.44329896907217
Honda,VTR 1000,999.0,99.56521739130434
Honda,VTR 250,249.5,21.166666666666668
Honda,VTX 1300,1300.857142857143,50.5
Honda,VTX 1800,1799.4186046511627,78.67441860465117
Honda,VTZ,250.0,33.0
Honda,Valkyrie 1500,1504.4444444444443,55.77777777777778
Honda,Valkyrie 1800,1814.5,106.0
Honda,X11,1000.3333333333334,113.0
Honda,X4,1290.2068965517242,86.34482758620689
Honda,XL 250,250.0,28.0
Honda,XL1000V Varadero,998.8888888888889,94.77777777777777
Honda,XL700V Transalp,690.4761904761905,57.19047619047619
Honda,XL750 Transalp,744.8823529411765,59.470588235294116
Honda,XLR,249.66666666666666,19.0
Honda,XR 100,99.0,1.0
Honda,XR 125,124.33333333333333,11.666666666666666
Honda,XR 190,184.0,15.0
Honda,XR 230,223.0,18.0
Honda,XR 250,259.1875,22.625
Honda,XR 400,400.0,23.2
Honda,XR 50,50.0,1.0
Honda,XR 600,600.0,60.0
Honda,XR 650R,649.75,63.25
Honda,XRV 750 Africa Twin,738.4444444444445,49.72222222222222
Honda,Z50,49.0,3.0
Indian,Challenger,1771.85,110.8
Indian,Chief,1869.3529411764705,73.0
Indian,Chief Bomber,1900.0,100.0
Indian,Chief Deluxe,1680.0,75.0
Indian,Chief Vintage,1830.0,69.5
Indian,Chieftain,1852.4,64.4
Indian,FTR 1200,1201.9285714285713,104.78571428571429
Indian,Pursuit,1768.0,122.0
Indian,Roadmaster,1849.857142857143,69.35714285714286
Indian,Scout,1119.2068965517242,98.56896551724138
Indian,Scout Sixty,1014.4444444444445,46.22222222222222
Indian,Springfield,1859.142857142857,65.57142857142857
KTM,1050 Adventure,1050.0,94.75
KTM,1090 Adventure R,1090.0,63.0
KTM,1190 Adventure,1195.0,131.0
KTM,1190 Adventure R,1193.5714285714287,149.71428571428572
KTM,1190 RC8,1200.0,160.0
KTM,125 Duke,125.0,1.0
KTM,125 EXC,125.0,15.666666666666666
KTM,125 SX,124.0909090909091,26.363636363636363
KTM,1290 Super Adventure,1290.0,160.0
KTM,1290 Super Adventure R,1298.7272727272727,152.77272727272728
KTM,1290 Super Adventure S,1298.8139534883721,156.30232558139534
KTM,1290 Super Adventure T,1300.0,160.0
KTM,1290 Super Duke GT,1296.5333333333333,140.46666666666667
KTM,1290 Super Duke R,1296.6666666666667,174.16666666666666
KTM,1290 Super Duke R Evo,1297.0,120.33333333333333
KTM,1390 Super Duke R,1350.0,190.0
KTM,1390 Super Duke R Evo,1349.5,190.0
KTM,150 EXC,149.0,17.666666666666668
KTM,150 SX,149.0,27.0
KTM,200 Duke,200.0,22.40909090909091
KTM,250 Adventure,249.71428571428572,26.142857142857142
KTM,250 Duke,249.6,31.0
KTM,250 EXC,249.82608695652175,27.52173913043478
KTM,250 EXC F,249.90322580645162,22.967741935483872
KTM,250 SX,250.0,30.5
KTM,250 SX F,249.76190476190476,31.142857142857142
KTM,300 EXC,297.4,34.15
KTM,300 SX,293.1666666666667,47.666666666666664
KTM,350 EXC F,349.88461538461536,30.653846153846153
KTM,350 SX F,349.92857142857144,24.785714285714285
KTM,390 Adventure,476.6111111111111,34.333333333333336
KTM,390 Adventure SW,375.27272727272725,43.72727272727273
KTM,390 Duke,453.36,40.94
KTM,450 EXC,450.0,70.0
KTM,450 EXC F,449.92857142857144,33.0
KTM,450 SMR,450.0,42.333333333333336
KTM,450 SX F,449.7692307692308,42.0
KTM,50 SX,49.857142857142854,4.714285714285714
KTM,500 EXC F,503.85714285714283,35.38095238095238
KTM,525 EXC,517.5,25.5
KTM,560 SMR,560.0,65.0
KTM,625 SMC,625.0,50.0
KTM,640 Adventure,628.5714285714286,30.571428571428573
KTM,640 Duke,640.0,54.0
KTM,640 LC4 Supermoto,635.0,38.666666666666664
KTM,65 SX,65.0,13.0
KTM,660 SMC,250.0,1.0
KTM,690 Duke,688.2,54.45
KTM,690 Duke R,692.5,38.0
KTM,690 Enduro,650.0,53.0
KTM,690 Enduro R,690.3214285714286,55.107142857142854
KTM,690 SM,680.75,48.0
KTM,690 SMC,680.0,63.8
KTM,690 SMC R,690.0,45.214285714285715
KTM,790 Adventure,790.0,103.0
KTM,790 Adventure R,793.6,57.2
KTM,790 Duke,769.2142857142857,44.785714285714285
KTM,85 SX,85.0,16.90909090909091
KTM,890 Adventure,889.8125,105.0
KTM,890 Adventure R,890.4166666666666,105.0
KTM,890 Adventure R Rally,890.0,105.0
KTM,890 Duke,881.6,91.3
KTM,890 Duke GP,889.7142857142857,106.85714285714286
KTM,890 Duke R,890.0,107.66666666666667
KTM,890 SMT,889.4666666666667,101.0
KTM,950 Adventure,960.0,74.25
KTM,950 SM,950.0,1.0
KTM,990 Adventure,992.5454545454545,91.36363636363636
KTM,990 SM,996.3333333333334,118.0
KTM,990 Super Duke,986.6428571428571,78.35714285714286
KTM,Freeride 250,249.5,13.0
KTM,Freeride 350,350.0,19.75
KTM,Freeride E,1.0,22.0
KTM,RC 200,200.0,26.0
KTM,RC 390,380.3181818181818,38.13636363636363
Kawasaki,250 TR,250.0,19.0
Kawasaki,BJ250 Estrella,249.33333333333334,20.0
Kawasaki,D-tracker 250,250.0,20.857142857142858
Kawasaki,EL125 Eliminator,124.0,12.0
Kawasaki,EL250 Eliminator,286.75,25.5
Kawasaki,EN400 Vulcan,400.0,40.0
Kawasaki,EN500 Vulcan,500.0,50.0
Kawasaki,EN650 Vulcan S,649.8484848484849,50.21212121212121
Kawasaki,ER-4f (Ninja 400R),399.8125,38.15625
Kawasaki,ER-4n,400.0,36.55555555555556
Kawasaki,ER-5,499.0,30.5
Kawasaki,ER-6f (Ninja 650R),649.3483146067416,66.49438202247191
Kawasaki,ER-6n,648.6521739130435,61.15217391304348
Kawasaki,EX-4,399.5,41.5
Kawasaki,GPX 250,250.0,40.0
Kawasaki,GPZ 1000,1000.0,1.0
Kawasaki,GPZ 400,400.0,72.66666666666667
Kawasaki,GPZ 500,516.6666666666666,40.333333333333336
Kawasaki,GTR 1000 (ZG1000 Concours),1000.0,98.0
Kawasaki,GTR 1400 (Concours 14),1397.2307692307693,149.19230769230768
Kawasaki,KDX 125,125.0,24.0
Kawasaki,KDX 200,200.0,17.0
Kawasaki,KDX 220,220.0,1.0
Kawasaki,KDX 250,254.5,20.5
Kawasaki,KL 250,249.66666666666666,19.75
Kawasaki,KLE 250,249.33333333333334,17.333333333333332
Kawasaki,KLE 400,399.6666666666667,28.333333333333332
Kawasaki,KLE 500,500.0,48.0
Kawasaki,KLR 250,250.0,1.0
Kawasaki,KLR 650,650.0,47.0
Kawasaki,KLX 110,112.0,7.0
Kawasaki,KLX 125,125.0,10.0
Kawasaki,KLX 150,144.0,12.0
Kawasaki,KLX 230,230.0,1.0
Kawasaki,KLX 250,251.04761904761904,22.523809523809526
Kawasaki,KLX 450,450.0,56.0
Kawasaki,KSR 110,110.0,28.666666666666668
Kawasaki,KX 250,250.72727272727272,29.90909090909091
Kawasaki,KX 450,456.14285714285717,44.42857142857143
Kawasaki,KX 65,65.0,19.0
Kawasaki,KX 85,85.0,1.0
Kawasaki,Ninja 1000,1010.3793103448276,101.82758620689656
Kawasaki,Ninja 1000 SX (2020-н.в.),1031.0,129.45454545454547
Kawasaki,Ninja 250R,249.90322580645162,23.70967741935484
Kawasaki,Ninja 250SL,249.0,28.0
Kawasaki,Ninja 300,298.8888888888889,39.074074074074076
Kawasaki,Ninja 400,399.93288590604027,38.241610738255034
Kawasaki,Ninja 650,649.7857142857143,58.19642857142857
Kawasaki,Ninja H2 SX,998.5833333333334,167.66666666666666
Kawasaki,VN1500 Vulcan,1495.5,49.3
Kawasaki,VN1600 Vulcan,1587.0666666666666,67.33333333333333
Kawasaki,VN1700 Vulcan,1700.0,51.43478260869565
Kawasaki,VN2000 Vulcan,2020.3846153846155,82.6923076923077
Kawasaki,VN400 Vulcan,399.85714285714283,24.0
Kawasaki,VN800 Vulcan,801.3636363636364,36.54545454545455
Kawasaki,VN900 Vulcan,900.8636363636364,43.484848484848484
Kawasaki,Versys 1000,1012.625,79.20833333333333
Kawasaki,Versys 650,651.6206896551724,48.5
Kawasaki,Versys-X 300,249.5,17.0
Kawasaki,W 400,399.5,15.5
Kawasaki,W 650,650.0,32.0
Kawasaki,W 800,787.1904761904761,30.238095238095237
Kawasaki,Z 1000,1006.5686274509804,115.19607843137256
Kawasaki,Z 1000SX,1021.1276595744681,127.09574468085107
Kawasaki,Z 125,125.0,8.333333333333334
Kawasaki,Z 250,249.8,31.0
Kawasaki,Z 250 SL,249.0,28.0
Kawasaki,Z 300,300.0,39.0
Kawasaki,Z 400,400.0,44.125
Kawasaki,Z 650,649.703125,52.25
Kawasaki,Z 650RS,649.75,68.0
Kawasaki,Z 750,749.9333333333333,94.06666666666666
Kawasaki,Z 800,800.4,88.53333333333333
Kawasaki,Z 900,942.7380952380952,113.21428571428571
Kawasaki,Z 900RS,948.75,118.83333333333333
Kawasaki,Z H2,1198.8,208.0
Kawasaki,ZG1200 Voyager,1200.0,1.0
Kawasaki,ZL1000 Eliminator,1000.0,110.0
Kawasaki,ZR 1100 Zephyr,1100.0,75.0
Kawasaki,ZR 400 Zephyr,400.0,1.0
Kawasaki,ZR 550 Zephyr,550.0,52.666666666666664
Kawasaki,ZR 750 Zephyr,738.0,76.0
Kawasaki,ZR-7,750.0,50.0
Kawasaki,ZRX 1100,1100.0,31.666666666666668
Kawasaki,ZRX 1200,1200.0,34.0
Kawasaki,ZX-10 Ninja,978.8,163.36
Kawasaki,ZX-12 Ninja,1199.8,143.8
Kawasaki,ZX-6 Ninja,622.2586206896551,100.89655172413794
Kawasaki,ZX-9 Ninja,907.0714285714286,93.07142857142857
Kawasaki,ZX1400C,1420.25,149.0
Kawasaki,ZXR 250,250.0,1.0
Kawasaki,ZXR 400,400.0,1.0
Kawasaki,ZZR 1100,1079.0,119.7
Kawasaki,ZZR 1200,1200.0,160.0
Kawasaki,ZZR 1400,1390.35,170.1
Kawasaki,ZZR 250,250.0,45.0
Kawasaki,ZZR 400,399.82758620689657,41.275862068965516
Kawasaki,ZZR 600,599.4444444444445,82.55555555555556
Suzuki,250 SB,250.0,14.0
Suzuki,B-King,1332.0,189.0
Suzuki,Bandit GSF 1200,1192.5217391304348,95.3913043478261
Suzuki,Bandit GSF 1250,1243.3529411764705,76.94117647058823
Suzuki,Bandit GSF 250,250.0,1.0
Suzuki,Bandit GSF 400,399.75,48.375
Suzuki,Bandit GSF 600,599.8571428571429,67.28571428571429
Suzuki,Bandit GSF 650,650.4,71.86666666666666
Suzuki,Boulevard 400,354.0,22.25
Suzuki,Boulevard C109R,1800.0,1.0
Suzuki,Boulevard C50,801.4090909090909,40.31818181818182
Suzuki,Boulevard C90,1508.764705882353,54.588235294117645
Suzuki,Boulevard M109R,1798.6896551724137,108.55172413793103
Suzuki,Boulevard M50,801.875,54.125
Suzuki,Boulevard M90,1500.0,79.5
Suzuki,Boulevard S50,800.0,1.0
Suzuki,DF 200,199.0,20.0
Suzuki,DR 250,249.8,24.4
Suzuki,DR 650 R/RS,645.0,45.0
Suzuki,DR 650 SE,650.0,38.5
Suzuki,DR 800 Big,800.0,50.0
Suzuki,DR-Z 400,399.8235294117647,34.8235294117647
Suzuki,DR-Z 400 SM,399.62068965517244,34.06896551724138
Suzuki,DR-Z 70,68.5,3.0
Suzuki,Desperado VZ400,399.55555555555554,31.444444444444443
Suzuki,Djebel 200 (DR 200 SE),199.92307692307693,15.23076923076923
Suzuki,Djebel 250,249.80769230769232,22.153846153846153
Suzuki,GN 125,139.75,10.25
Suzuki,GS 500,500.0,23.0
Suzuki,GS 750,750.0,80.0
Suzuki,GS 850,850.0,81.0
Suzuki,GSR 400,399.2857142857143,48.142857142857146
Suzuki,GSR 600,600.0,91.53333333333333
Suzuki,GSR 750,748.1034482758621,75.0
Suzuki,GSX 1100,1100.0,136.0
Suzuki,GSX 1200 Inazuma,1200.0,1.0
Suzuki,GSX 1250 FA,1251.875,89.625
Suzuki,GSX 1300 R Hayabusa,1317.85,167.325
Suzuki,GSX 1400,1400.25,80.0
Suzuki,GSX 250,250.0,45.0
Suzuki,GSX 400 Inazuma,399.6666666666667,18.333333333333332
Suzuki,GSX 400F Katana,399.3333333333333,35.0
Suzuki,GSX 600F Katana,600.0,68.0
Suzuki,GSX 650F,651.5,85.75
Suzuki,GSX 750F Katana,750.0,78.83333333333333
Suzuki,GSX-8S,780.6153846153846,70.38461538461539
Suzuki,GSX-R 1000,999.8888888888889,154.94444444444446
Suzuki,GSX-R 1100,1100.0,155.0
Suzuki,GSX-R 125,125.0,15.0
Suzuki,GSX-R 250,248.5,25.0
Suzuki,GSX-R 400,400.0,56.0
Suzuki,GSX-R 600,609.4878048780488,107.8048780487805
Suzuki,GSX-R 750,749.9117647058823,103.17647058823529
Suzuki,GSX-S 1000,953.8636363636364,123.0
Suzuki,GSX-S 1000 F,999.6451612903226,82.70967741935483
Suzuki,GSX-S 1000 GT,990.9166666666666,126.83333333333333
Suzuki,GSX-S 1000S Katana,999.5,150.0
Suzuki,GSX-S 750,749.8333333333334,57.5
Suzuki,GW 250 (GSR 250),249.66666666666666,21.833333333333332
Suzuki,Gixxer 150,150.0,15.0
Suzuki,Goose 350,348.0,33.0
Suzuki,Grasstracker TU 250G,249.875,11.625
Suzuki,Intruder C800 (VL 800),801.8181818181819,38.81818181818182
Suzuki,Intruder M1800R (VZR 1800),1798.7857142857142,116.14285714285714
Suzuki,Intruder M800 (VZ 800),802.5,28.5
Suzuki,Intruder VL 1500 LC,1500.0,67.25
Suzuki,Intruder VL 400 Classic,399.8,13.8
Suzuki,Intruder VS 1400,1390.0,33.25
Suzuki,Intruder VS 400,280.0,22.333333333333332
Suzuki,Intruder VS 750,750.0,58.0
Suzuki,Intruder VS 800,801.6666666666666,37.333333333333336
Suzuki,Marauder VZ 1600,1700.0,40.5
Suzuki,Marauder VZ 800,800.0,40.6
Suzuki,RF 400,399.0,53.0
Suzuki,RF 900,937.0,132.5
Suzuki,RM 125,125.0,41.0
Suzuki,RM-Z 250,249.85714285714286,31.285714285714285
Suzuki,RM-Z 450,450.0,34.0
Suzuki,RMX 250S,250.0,13.0
Suzuki,RV 200 VanVan,199.3684210526316,12.842105263157896
Suzuki,RV 50,49.0,1.0
Suzuki,SFV 400 Gladius,399.3157894736842,54.8421052631579
Suzuki,SFV 650 Gladius,648.75,63.0
Suzuki,ST250 (TU250X),249.0,13.666666666666666
Suzuki,SV 1000,999.3333333333334,83.66666666666667
Suzuki,SV 400,399.875,46.625
Suzuki,SV 650,649.3220338983051,46.08474576271186
Suzuki,TL 1000,1000.0,102.25
Suzuki,TS 200R,200.0,1.0
Suzuki,TS 250,250.0,33.0
Suzuki,V-Strom 800DE,800.0,84.0
Suzuki,V-Strom DL 1000,1003.0888888888888,80.31111111111112
Suzuki,V-Strom DL 1050,1041.2142857142858,61.57142857142857
Suzuki,V-Strom DL 250,249.83333333333334,12.833333333333334
Suzuki,V-Strom DL 650,649.1224489795918,54.94897959183673
Suzuki,VX 800,805.0,54.0
Suzuki,Volty (TU250),250.0,16.0
Suzuki,Wolf,250.0,45.0
Yamaha,BT1100 Bulldog,1093.8333333333333,59.5
Yamaha,DT125,125.0,15.0
Yamaha,DT230 Lanza,230.0,20.5
Yamaha,FJR1300,1287.764705882353,116.57843137254902
Yamaha,FZ1,1006.5753424657535,102.72602739726027
Yamaha,FZ16,150.0,7.5
Yamaha,FZ25 Fazer,249.5,10.5
Yamaha,FZ400,399.6,42.6
Yamaha,FZ6,599.4705882352941,86.75294117647059
Yamaha,FZ8,799.025641025641,92.56410256410257
Yamaha,FZR1000,1000.0,118.33333333333333
Yamaha,FZS1000 Fazer,999.5714285714286,122.71428571428571
Yamaha,FZS600 Fazer,599.7142857142857,96.71428571428571
Yamaha,FZX750,750.0,71.0
Yamaha,GTS1000,1000.0,100.0
Yamaha,MR50,60.0,40.0
Yamaha,MT-01,1691.8181818181818,81.54545454545455
Yamaha,MT-03,341.875,34.75
Yamaha,MT-07 (FZ-07),697.2272727272727,55.59090909090909
Yamaha,MT-09 (FZ-09),869.7946428571429,93.66071428571429
Yamaha,MT-09 Tracer (FJ-09),863.9130434782609,90.48695652173913
Yamaha,MT-10,999.0555555555555,155.83333333333334
Yamaha,MT-25,249.5,18.0
Yamaha,Niken,853.5,90.4
Yamaha,PW50/PW80,56.44444444444444,2.5555555555555554
Yamaha,SCR950,948.0,53.75
Yamaha,SR400,399.8888888888889,9.333333333333334
Yamaha,SR500,500.0,1.0
Yamaha,SRX400,400.0,32.666666666666664
Yamaha,SRX600,608.0,42.0
Yamaha,TDM850,849.7,57.3
Yamaha,TDM900,899.2857142857143,65.80952380952381
Yamaha,TT-R110,110.0,16.0
Yamaha,TT-R125,125.0,1.0
Yamaha,TT-R250,244.85,27.2
Yamaha,TT250R,249.7,24.5
Yamaha,TW200,199.16666666666666,12.666666666666666
Yamaha,TW225,231.25,1.0
Yamaha,TZR250,250.0,50.0
Yamaha,Tenere 700,690.0952380952381,59.904761904761905
Yamaha,Tracer 700,692.6666666666666,49.333333333333336
Yamaha,VMAX 1200,1196.6857142857143,112.2
Yamaha,VMAX 1700,1691.6,203.4
Yamaha,WR250F,252.64285714285714,33.285714285714285
Yamaha,WR250R,249.92307692307693,29.307692307692307
Yamaha,WR250X,250.0,13.857142857142858
Yamaha,WR400F,450.0,50.0
Yamaha,WR426F,426.0,1.0
Yamaha,WR450F,449.88235294117646,33.470588235294116
Yamaha,XG250 Tricker,249.9090909090909,13.454545454545455
Yamaha,XJ6 (FZ6R),600.7042253521126,73.02816901408451
Yamaha,XJ600,600.0,52.916666666666664
Yamaha,XJ900,900.0,89.14285714285714
Yamaha,XJR1200,2800.0,70.72727272727273
Yamaha,XJR1300,1294.4444444444443,80.16666666666667
Yamaha,XJR400,489.9,42.6
Yamaha,XS1100,1100.5,78.5
Yamaha,XSR700,704.6875,52.1875
Yamaha,XSR900,884.4516129032259,89.87096774193549
Yamaha,XT1200Z Super Tenere,1199.923076923077,96.0
Yamaha,XT225 Serow,224.0,5.666666666666667
Yamaha,XT250 Serow,249.72222222222223,12.444444444444445
Yamaha,XT250X,249.5,11.0
Yamaha,XT400,399.0,36.0
Yamaha,XT600,600.0,45.0
Yamaha,XT660R,660.0,36.25
Yamaha,XT660X,660.0,24.5
Yamaha,XT660Z Tenere,660.0,23.22222222222222
Yamaha,XTZ660 Tenere,660.0,24.5
Yamaha,XTZ750 Super Tenere,750.0,70.0
Yamaha,XV 1600 Wild Star,1600.0869565217392,53.608695652173914
Yamaha,XV 1700 Warrior,1693.225806451613,83.51612903225806
Yamaha,XV 1700A Road Star,1692.7777777777778,57.27777777777778
Yamaha,XV 1900,1896.7954545454545,69.79545454545455
Yamaha,XV1100 Virago,1083.5555555555557,54.333333333333336
Yamaha,XV400 Virago,399.72727272727275,35.0
Yamaha,XV535 Virago,535.0,73.0
Yamaha,XV750 Virago,749.5,44.0
Yamaha,XV950 Bolt,948.98,34.08
Yamaha,XVS1100,1074.8426966292134,42.73033707865169
Yamaha,XVS1300,1300.3684210526317,60.89473684210526
Yamaha,XVS400 Drag Star,398.57142857142856,25.142857142857142
Yamaha,XVS650,649.8235294117648,35.529411764705884
Yamaha,XVS950,909.6086956521739,48.34782608695652
Yamaha,XVZ 1300,1299.5714285714287,70.85714285714286
Yamaha,YBR125,124.75757575757575,7.9393939393939394
Yamaha,YBR250,250.0,1.0
Yamaha,YS125 Fazer,125.0,10.0
Yamaha,YS250 Fazer,250.0,21.0
Yamaha,YZ125,124.5,20.0
Yamaha,YZ250,250.0,27.5
Yamaha,YZ250F,249.95238095238096,31.476190476190474
Yamaha,YZ450F,450.0,36.46153846153846
Yamaha,YZ65,65.0,1.0
Yamaha,YZ85,75.4,19.2
Yamaha,YZF-R1,999.4230769230769,149.2948717948718
Yamaha,YZF-R125,125.0,12.0
Yamaha,YZF-R15,150.0,17.0
Yamaha,YZF-R25,249.44444444444446,23.666666666666668
Yamaha,YZF-R3,316.0133333333333,30.426666666666666
Yamaha,YZF-R6,590.1481481481482,83.07407407407408
Yamaha,YZF-R7,694.8571428571429,62.714285714285715
Yamaha,YZF1000R Thunderace,1000.6666666666666,97.0
Yamaha,YZF600R Thundercat,600.0,120.0
Yamaha,YZF750,749.0,1.0
